﻿名字,年度,產品,價格,數量,業績,城市
Diana,2025年,Black Tea,10,600,6000,New York
Diana,2025年,Green Tea,7,660,4620,New York
Diana,2026年,Black Tea,10,750,7500,New York
Diana,2026年,Green Tea,7,900,6300,New York
Julia,2025年,Black Tea,10,1200,12000,New York
Julia,2026年,Black Tea,10,1260,12600,New York
Steve,2025年,Black Tea,10,1170,11700,Chicago
Steve,2025年,Green Tea,7,1260,8820,Chicago
Steve,2026年,Black Tea,10,1350,13500,Chicago
Steve,2026年,Green Tea,7,1440,10080,Chicago
